No.,카테고리,계정명 (도우인 닉네임)
1,셀럽,虞书欣Esther
2,셀럽,章若楠
3,셀럽,张凌赫
4,셀럽,卢昱晓
5,셀럽,檀健次
6,셀럽,宋祖儿lareina
7,셀럽,沈月
8,셀럽,时代少年团
9,셀럽,周也yeah
10,셀럽,李沁
11,셀럽,孟子义
12,셀럽,孙千
13,셀럽,王玉雯U.Vin
14,셀럽,杨超越
15,셀럽,龚俊Simon
16,셀럽,刘浩存
17,셀럽,陈都灵
18,셀럽,程潇
19,셀럽,周翊然
20,셀럽,宋威龙
21,셀럽,朱正廷
22,셀럽,黄子弘凡
23,셀럽,包上恩
24,셀럽,侯明昊Neo
25,셀럽,张子枫工作室
26,셀럽,张婧仪
27,셀럽,黄子韬
28,셀럽,谭松韵seven
29,셀럽,颜安
30,셀럽,吴宣仪_Betty
31,셀럽,刘轩丞-
32,셀럽,邢菲
33,셀럽,展轩 Elk
34,셀럽,Hi！文淇
35,셀럽,鹿晗
36,셀럽,徐若晗
37,셀럽,代露娃
38,셀럽,田嘉瑞
39,셀럽,任敏
40,셀럽,张艺凡ZYF
41,셀럽,Kelly于文文
42,셀럽,常华森
43,셀럽,陈昊宇Amy
44,셀럽,费启鸣
45,셀럽,张康乐
46,셀럽,向涵之
47,셀럽,董思成
48,셀럽,辛芷蕾
49,셀럽,陈星旭--CHEN先生
50,셀럽,邓恩熙
51,셀럽,陈鑫海Ocean
52,셀럽,王影璐_
53,셀럽,张晚意
54,셀럽,闫桉_PENTAGON
55,셀럽,杨幂
56,셀럽,唐嫣
57,셀럽,CAELAN_ 庆怜
58,셀럽,鹤秋_H
59,셀럽,我是梓渝
60,셀럽,我叫徐振轩
61,셀럽,张艺兴
62,셀럽,王楚然
63,셀럽,艾米
64,셀럽,赵丽颖
65,셀럽,Dear-迪丽热巴
66,셀럽,鞠婧祎
67,셀럽,杨洋
68,셀럽,刘亦菲825
69,셀럽,杨紫
70,셀럽,任嘉伦Allen
71,셀럽,李一桐Q
72,셀럽,登陆少年组合
73,셀럽,周洁琼
74,인플루언서,冬冬和37
75,인플루언서,孙恩盛
76,인플루언서,王不染
77,인플루언서,花碎花
78,인플루언서,愚蠢小刘
79,인플루언서,若琳Pepper
80,인플루언서,临界十缨
81,인플루언서,宵夜
82,인플루언서,起司姨太
83,인플루언서,seo
84,인플루언서,我不是孙怡
85,인플루언서,爆胎草莓粥
86,인플루언서,白昼小熊
87,인플루언서,金九粒
88,인플루언서,天才小火龙
89,인플루언서,夜刀神狗
90,인플루언서,糖醋里脊本脊
91,인플루언서,一栗小莎子
92,인플루언서,张人0
93,인플루언서,罗西（已婚版）
94,인플루언서,Enndme
95,인플루언서,零七七²⁰⁷⁷
96,인플루언서,429
97,인플루언서,方圆
98,인플루언서,幸子·
99,인플루언서,BONNIE万洁
100,인플루언서,小雪🥰
101,인플루언서,瑾瑾鹅
102,인플루언서,猪猪小野
103,인플루언서,路怡
104,브랜드,MLB
105,브랜드,ARC'TERYX始祖鸟
106,브랜드,NIKE
107,브랜드,HOKA ONE ONE 官方旗舰店
108,브랜드,adidas官方旗舰店
109,브랜드,lululemon
110,브랜드,DiscoveryExpedition
111,브랜드,北面THE NORTH FACE官方旗舰店
112,브랜드,Fila官方旗舰店
113,브랜드,SALOMON萨洛蒙
114,브랜드,迪桑特DESCENTE官方旗舰店
115,브랜드,On昂跑官方旗舰店
116,브랜드,KOLON SPORT可隆官方旗舰店
117,브랜드,Kailas凯乐石官方旗舰店
118,브랜드,猛犸象Mammut官方旗舰店
119,메가페이지,明星同款
120,메가페이지,明星穿搭解析
121,메가페이지,明星穿搭日记
122,메가페이지,明星侦同款
123,메가페이지,脏脏包Fashion日记
124,메가페이지,FashionDash
125,메가페이지,星狗
