No.,카테고리,계정명 (샤오홍슈 닉네임)
1,셀럽,虞书欣Esther
2,셀럽,章若楠
3,셀럽,张凌赫official
4,셀럽,卢昱晓
5,셀럽,孙怡
6,셀럽,檀健次
7,셀럽,宋祖儿lareina
8,셀럽,李一桐
9,셀럽,张婧仪
10,셀럽,沈月
11,셀럽,时代少年团
12,셀럽,周也
13,셀럽,李沁
14,셀럽,金靖
15,셀럽,周洁琼
16,셀럽,孟子义
17,셀럽,孙千
18,셀럽,王玉雯Uvin
19,셀럽,杨超越
20,셀럽,龚俊Simon
21,셀럽,刘浩存
22,셀럽,陈都灵
23,셀럽,程潇
24,셀럽,周翊然Tz
25,셀럽,宋威龙
26,셀럽,Zzt-朱正廷
27,셀럽,黄子弘凡Lars
28,셀럽,包上恩
29,셀럽,侯明昊Neo
30,셀럽,张子枫
31,셀럽,艾米
32,셀럽,王楚然
33,셀럽,黄子韬
34,셀럽,谭松韵seven
35,셀럽,颜安
36,셀럽,吴宣仪
37,셀럽,刘轩丞
38,셀럽,邢菲
39,셀럽,展轩
40,셀럽,文淇
41,셀럽,鹿晗
42,셀럽,徐若晗
43,셀럽,代露娃
44,셀럽,田嘉瑞
45,셀럽,任敏
46,셀럽,张艺凡
47,셀럽,冷眠眠
48,셀럽,Kelly于文文
49,셀럽,常华森
50,셀럽,陈昊宇Amy
51,셀럽,费启鸣
52,셀럽,张康乐
53,셀럽,向涵之
54,셀럽,董思成Winwin
55,셀럽,辛芷蕾
56,셀럽,陈星旭
57,셀럽,邓恩熙
58,셀럽,陈鑫海Ocean
59,셀럽,王影璐-
60,셀럽,张晚意
61,셀럽,闫桉
62,셀럽,杨幂FashionNotes
63,셀럽,唐嫣
64,셀럽,庆怜Caelan 4.12巡演版
65,셀럽,鹤秋
66,셀럽,我是梓渝
67,셀럽,我是徐振轩
68,셀럽,我老板是张艺兴
69,인플루언서,豆豆_Babe
70,인플루언서,不潘
71,인플루언서,垫底辣孩
72,인플루언서,白昼小熊
73,인플루언서,人猿泰山
74,인플루언서,爆胎草莓粥
75,인플루언서,Enndme
76,인플루언서,碳酸饮料拜拜
77,인플루언서,郭猫宁
78,인플루언서,李歪歪
79,인플루언서,十ㅡ列车
80,인플루언서,黑黑草梅
81,인플루언서,井川里予
82,인플루언서,火山大王
83,인플루언서,RanRan
84,인플루언서,愚蠢小刘
85,인플루언서,子回頭是浪
86,인플루언서,茜茜xixi
87,인플루언서,chichi是吃吃
88,인플루언서,姜 峰 勇 🌊
89,인플루언서,曲曲支招
90,인플루언서,陶四七
91,인플루언서,经典一只白
92,인플루언서,FortyLions
93,인플루언서,是小龙吖
94,인플루언서,小黄油块跑
95,인플루언서,球球你了
96,인플루언서,全智鹅
97,인플루언서,双下巴真可爱
98,인플루언서,Alex
99,인플루언서,敢敢子
100,인플루언서,西in欣
101,인플루언서,Dee
102,인플루언서,乌鱼小丸子
103,인플루언서,judy黄
104,인플루언서,maomao
105,인플루언서,伏特嘉
106,인플루언서,李雨真Jenny
107,인플루언서,吕颖ivy
108,인플루언서,仙女软本人
109,인플루언서,杨日白喜欢扯皮
110,인플루언서,单眼皮的妮可
111,인플루언서,zoe小涵
112,인플루언서,黄饱饱了
113,인플루언서,天亮就睡
114,인플루언서,怡含怡含
115,인플루언서,鸡腿子
116,인플루언서,楠楠睡了
117,인플루언서,Imzsy12
118,인플루언서,温柔可爱
119,인플루언서,一芳在散步
120,인플루언서,NN王
121,인플루언서,整整吃了一天
122,인플루언서,-稚笑一
123,인플루언서,一粒维c
124,인플루언서,臭屁辣妹
125,인플루언서,钟金琪
126,인플루언서,青梅
127,인플루언서,零肆叁
128,인플루언서,厉害的小红
129,인플루언서,張恩镜Zej
130,인플루언서,这位小朋友很厉害
131,인플루언서,狮紫_
132,인플루언서,橙c小宝贝oran wuu
133,인플루언서,不吃葱的蚊崽
134,인플루언서,JINGSchannel
135,인플루언서,半夜去杀猪x
136,인플루언서,路易艾斯
137,인플루언서,Twice-Chic
138,인플루언서,Hooooka
139,인플루언서,布拿拿仔
140,인플루언서,白白草梅
141,인플루언서,EreCHEN
142,인플루언서,砂锅鸭
143,인플루언서,陳创-
144,브랜드,COCO Park THE NORTH FACE
145,브랜드,MAMMUT 猛犸象
146,브랜드,MLB品牌
147,브랜드,HOKA-辰辰
148,브랜드,Discovery Expedition
149,브랜드,On昂跑杭州湖滨in77店
150,브랜드,ARC'TERYX始祖鸟
151,브랜드,NIKE
152,브랜드,迪桑特DESCENTE
153,브랜드,adidas
154,브랜드,lululemon
155,브랜드,FILA运动
156,브랜드,KOLONSPORT可隆
157,브랜드,SALOMON萨洛蒙种草官
158,브랜드,KAILAS凯乐石官方旗舰店
159,메가페이지,YeeLin 星装达人
160,메가페이지,有种刀了我
161,메가페이지,lemon穿搭
162,메가페이지,freeloop- Fashion
163,메가페이지,Choc Fashion明星同款
164,메가페이지,明星衣橱_Daily
165,메가페이지,狸狸&明星同款手册
166,메가페이지,明星时尚Note
167,메가페이지,潮流时尚猎手
168,메가페이지,FASHIONB1
169,메가페이지,happy_2(明星穿搭）
170,메가페이지,Yoga穿搭笔记
171,메가페이지,元素周期表爱穿搭
172,메가페이지,圆圈学明星穿搭
173,메가페이지,明星同款穿搭GET
174,메가페이지,Get明星私服穿搭
175,메가페이지,女明星的日常穿搭合集
176,메가페이지,vogue明星私服穿搭
177,메가페이지,Soleil的穿搭分享
178,메가페이지,Fashion穿搭星球
179,메가페이지,PINKer_私服穿搭
180,메가페이지,果果时尚笔记
181,메가페이지,小妍同学【明星同款】
182,메가페이지,FashionStation
183,메가페이지,54MAN
184,메가페이지,明星今日同款
185,메가페이지,一本时尚书
186,메가페이지,Vogue Dupes
187,메가페이지,Fashion Beep
188,메가페이지,Chicoutfit
189,메가페이지,披萨颖
190,메가페이지,Stylenotes
191,메가페이지,明星潮搭Daily
192,메가페이지,FashionAmericano
193,메가페이지,mrgod
194,메가페이지,Stylish Book
195,메가페이지,Nicole爱种草
196,메가페이지,Paradise明星同款更新
197,메가페이지,图图明星同款
198,메가페이지,剧集穿搭指南
199,메가페이지,Sync-Chic
200,메가페이지,秋林 Fashion
201,메가페이지,Matching outfits
202,메가페이지,明星同款
